source,translation,status,notes
(失败),(fallido),translate,
(已集齐),(completo),translate,
(跨服),(interservidor),translate,
****陷阱,,review,unclear/censored string
-文本1,,ignore,debug/test
12人团队,Grupo de 12,translate,
16人团队,Grupo de 16,translate,
1~4人,1-4 jugadores,translate,
24小时,24 horas,translate,
2到8小时,De 2 a 8 horas,translate,
2小时,2 horas,translate,
30分钟到2小时,De 30 min a 2 horas,translate,
6方正兰亭中黑_GBK,,ignore,font/internal
8人团队,Grupo de 8,translate,
8到24小时,De 8 a 24 horas,translate,
8小时,8 horas,translate,
<font color = '#ffd800'>VIP会员排队加速已开启。</font>,<font color = '#ffd800'>Aceleración de cola VIP activada.</font>,translate,
A方正兰亭中黑_GBK,,ignore,font/internal
MHO豪蓝会员,,preserve,keep-brand
MHO豪蓝加成,,preserve,keep-brand
Npc好感度,Afinidad con NPC,translate,
QQ会员加成,,preserve,keep-brand
QQ年费会员加成,,preserve,keep-brand
QQ超级会员加成,,preserve,keep-brand
QQ金牌网吧加成,,preserve,keep-brand
QQ铂金网吧加成,,preserve,keep-brand
QQ铜牌网吧加成,,preserve,keep-brand
QQ银牌网吧加成,,preserve,keep-brand
SＭＳ Ｐゴシック,,ignore,font/internal
VIP玩家每日享有免费刷新机会,Los jugadores VIP tienen una actualización gratuita al día,translate,
VIP玩家预计等待大于1小时。,Tiempo de espera estimado para jugadores VIP: más de 1 hora.,translate,
WeGame用户,Usuario de WeGame,translate,
[副目标],[Objetivo secundario],translate,
[团员],[Miembro],translate,
[团长],[Líder],translate,
[改良需求],[Requisitos de mejora],translate,
[突破],[Desbloqueo],translate,
[精铸],[Forja fina],translate,
[装填数],[Capacidad],translate,
[队员],[Miembro],translate,
[队长],[Líder],translate,
[附加能力],[Habilidad adicional],translate,
aaaaaaa爱爱爱,,ignore,debug/test
q方正兰亭中黑_GBK,,ignore,font/internal
一,Uno,translate,
一键放入古岩,Insertar todas las rocas antiguas,translate,
七,Siete,translate,
万华镜,,review,possible proper item/name
三,Tres,translate,
下一等级：LV,Siguiente nivel: Nv.,translate,
下一级,Siguiente nivel,translate,
不可放弃,No se puede abandonar,translate,
世界,Mundo,translate,
中,Medio,translate,
中等难度,Dificultad media,translate,
中级,Intermedio,translate,
举报,Denunciar,translate,
事件,Eventos,translate,
二,Dos,translate,
五,Cinco,translate,
交易,Intercambio,translate,
交谈,Hablar,translate,
亲密度,Afinidad,translate,
今日事态,Estado de hoy,translate,
今日剩余,Restantes hoy,translate,
今日可胜利,Victorias disponibles hoy,translate,
仓库道具,Objetos del almacén,translate,
以上,o superior,translate,
任务-未接,Misión - no aceptada,translate,
任务失败,Misión fallida,translate,
任务完成,Misión completada,translate,
任务进行,Misión en curso,translate,
任务道具,Objetos de misión,translate,
低,Bajo,translate,
低级,Bajo,translate,
使用,Usar,translate,
兑换,Canjear,translate,
全部,Todo,translate,
八,Ocho,translate,
六,Seis,translate,
其他,Otros,translate,
其他厂商,,review,context unclear
冒险,Aventura,translate,
冥想,Meditación,translate,
冰属性,Elemento hielo,translate,
击中,Impactar,translate,
击中的次数小于,Recibe menos de,translate,
分,min,translate,
分钟,min,translate,
删除分组,Eliminar grupo,translate,
删除猎友,Eliminar amigo,translate,
删除路人,Eliminar jugador,translate,
前去与,Ve a hablar con,translate,
前往,Ve a,translate,
剧情,Historia,translate,
加为猎友,Añadir como amigo,translate,
加入黑名单,Bloquear usuario,translate,
匹配CD,Espera de emparejamiento,translate,
区域,Zona,translate,
单价,Precio unitario,translate,
去找,Ve a buscar,translate,
双刀,Espadas dobles,translate,
取消,Cancelar,translate,
向,a,translate,
启动,Iniciar,translate,
商城道具,Objetos de tienda,translate,
喇叭,Megáfono,translate,
四,Cuatro,translate,
在庄园的,en la granja,translate,
在庄园的任意采集点采集,Recolecta en cualquier punto de la granja,translate,
在猎友庄园的,en la granja de un amigo,translate,
在猎友庄园的任意采集点采集,Recolecta en cualquier punto de la granja de un amigo,translate,
地狱难度,Dificultad infernal,translate,
复制人名,Copiar nombre,translate,
复制名称,Copiar nombre,translate,
大于,Más de,translate,
大剑,Gran espada,translate,
大师难度,Dificultad maestro,translate,
天,días,translate,
太刀,Espada larga,translate,
好友,Amigos,translate,
委托板,Tablón de misiones,translate,
娃哈哈,,ignore,debug/test
完成,Completa,translate,
完成任务,Completar misión,translate,
完成任意生产,Completa cualquier producción,translate,
完成任意采集,Completa cualquier recolección,translate,
对你说：,te dice:,translate,
对话,Hablar,translate,
屏蔽,Bloquear,translate,
工具,Herramientas,translate,
已经确认交易,Intercambio confirmado,translate,
已经锁定交易物品,Objetos del intercambio bloqueados,translate,
平均,Promedio,translate,
年,año,translate,
总价,Precio total,translate,
战斗,Combate,translate,
战斗艾露猫,Camarada de combate,translate,
战队,Escuadrón,translate,
战队邀请,Invitación al escuadrón,translate,
技能珠,Joya de habilidad,translate,
投放,Colocar,translate,
捕获,Capturar,translate,
挑战,Desafío,translate,
故事,Historia,translate,
普通,Normal,translate,
普通道具,Objetos normales,translate,
普通难度,Dificultad normal,translate,
月,mes,translate,
未开始,Sin iniciar,translate,
未知属性,Elemento desconocido,translate,
材料,Materiales,translate,
查看猎人,Ver cazador,translate,
每日,Diario,translate,
每周,Semanal,translate,
每月,Mensual,translate,
水属性,Elemento agua,translate,
火属性,Elemento fuego,translate,
猎友,Amigo,translate,
猎团,Gremio,translate,
猎团邀请,Invitación al gremio,translate,
猎团经验:,EXP del gremio:,translate,
猎团贡献度:,Contribución al gremio:,translate,
猎团资金,Fondos del gremio,translate,
猫饭,Comida Felyne,translate,
生产艾露猫,Camarada de producción,translate,
申请组团,,review,distinguish raid/group terminology
申请组队,Solicitar unirse al grupo,translate,
白,Blanco,translate,
白色,Blanco,translate,
白银,Plata,translate,
皮肤,Piel,translate,
确认,Confirmar,translate,
礼物,Regalo,translate,
系统,Sistema,translate,
素材,Materiales,translate,
素材仓库,Almacén de materiales,translate,
绿色,Verde,translate,
编辑备注,Editar nota,translate,
装备,Equipo,translate,
装备预览,Vista previa del equipo,translate,
购买,Comprar,translate,
货币,Moneda,translate,
近战,Cuerpo a cuerpo,translate,
远程,A distancia,translate,
邮件,Correo,translate,
重命名,Renombrar,translate,
金,Dorado,translate,
金币:,Oro:,translate,
铜,Bronce,translate,
银币:,Plata:,translate,
长,Largo,translate,
长枪,Lanza,translate,
队伍,Grupo,translate,
附加能力,Habilidad adicional,translate,
附近,Cerca,translate,
雷属性,Elemento rayo,translate,
非常长,Muy largo,translate,
高级,Alto,translate,
黄金,Oro,translate,
鼠标右键,Botón derecho,translate,
鼠标左键,Botón izquierdo,translate,
龙属性,Elemento dragón,translate,
